product_id,category,unit_cost
P001,Home,68.87
P002,Outdoor,68.66
P003,Electronics,126.66
P004,Office,126.96
P005,Home,17.75
P006,Outdoor,138.37
P007,Outdoor,92.34
P008,Office,99.12
P009,Office,119.58
P010,Home,139.92
P011,Office,22.08
P012,Office,83.49
P013,Outdoor,139.04
P014,Outdoor,10.9
P015,Office,44.23
P016,Electronics,128.2
P017,Office,117.93
P018,Outdoor,110.4
P019,Home,88.13
P020,Outdoor,36.91
P021,Home,89.96
P022,Home,90.93
P023,Electronics,48.78
P024,Office,12.4
P025,Outdoor,104.67
P026,Electronics,128.07
P027,Outdoor,106.67
P028,Home,34.5
P029,Outdoor,78.07
P030,Outdoor,117.62
P031,Outdoor,128.65
P032,Office,135.69
P033,Outdoor,106.55
P034,Outdoor,114.16
P035,Office,135.1
P036,Home,107.55
P037,Home,121.54
P038,Office,135.68
P039,Outdoor,19.92
P040,Office,9.84
P041,Electronics,68.03
P042,Outdoor,85.16
P043,Outdoor,22.3
P044,Home,70.23
P045,Outdoor,128.81
P046,Home,93.49
P047,Office,128.04
P048,Outdoor,93.7
P049,Electronics,26.45
P050,Electronics,48.18
P051,Office,23.33
P052,Home,125.12
P053,Home,59.3
P054,Outdoor,96.5
P055,Office,85.53
P056,Home,124.87
P057,Electronics,118.05
P058,Office,131.96
P059,Outdoor,12.32
P060,Outdoor,36.68
P061,Office,133.47
P062,Outdoor,21.11
P063,Outdoor,79.87
P064,Outdoor,15.99
P065,Outdoor,33.05
P066,Electronics,133.27
P067,Office,20.1
P068,Home,92.7
P069,Electronics,14.68
P070,Outdoor,40.15
P071,Home,111.88
P072,Home,17.06
P073,Home,85.4
P074,Home,51.37
P075,Home,112.1
P076,Electronics,44.6
P077,Home,138.35
P078,Outdoor,113.4
P079,Electronics,95.26
P080,Electronics,25.4
