customer_id,region,segment
C0001,North,Consumer
C0002,Midlands,Consumer
C0003,South,Consumer
C0004,North,Enterprise
C0005,Wales,Consumer
C0006,Wales,SMB
C0007,North,Consumer
C0008,North,Consumer
C0009,South,Enterprise
C0010,Wales,Consumer
C0011,Wales,Consumer
C0012,Wales,SMB
C0013,South,SMB
C0014,Wales,SMB
C0015,North,Consumer
C0016,Scotland,SMB
C0017,Midlands,Consumer
C0018,South,SMB
C0019,North,Consumer
C0020,Scotland,Consumer
C0021,Midlands,SMB
C0022,Wales,SMB
C0023,North,Enterprise
C0024,Scotland,Enterprise
C0025,North,SMB
C0026,North,Enterprise
C0027,Midlands,Enterprise
C0028,Wales,SMB
C0029,Wales,Consumer
C0030,North,Consumer
C0031,South,SMB
C0032,North,Consumer
C0033,North,SMB
C0034,Midlands,SMB
C0035,Midlands,Consumer
C0036,Midlands,SMB
C0037,South,Enterprise
C0038,Midlands,Enterprise
C0039,North,Enterprise
C0040,South,Enterprise
C0041,South,Consumer
C0042,Scotland,SMB
C0043,Midlands,Enterprise
C0044,Wales,Consumer
C0045,Midlands,Consumer
C0046,South,Consumer
C0047,Midlands,SMB
C0048,Midlands,Consumer
C0049,South,Enterprise
C0050,Midlands,Consumer
C0051,Scotland,SMB
C0052,Scotland,Consumer
C0053,Midlands,Consumer
C0054,South,Enterprise
C0055,Wales,Enterprise
C0056,Midlands,Enterprise
C0057,Wales,SMB
C0058,Wales,SMB
C0059,Midlands,Consumer
C0060,South,Enterprise
C0061,Scotland,Consumer
C0062,North,Consumer
C0063,South,Enterprise
C0064,South,Enterprise
C0065,Scotland,Enterprise
C0066,North,SMB
C0067,Scotland,Enterprise
C0068,Scotland,Enterprise
C0069,Midlands,Enterprise
C0070,North,Enterprise
C0071,North,Enterprise
C0072,Wales,SMB
C0073,Midlands,Consumer
C0074,Midlands,SMB
C0075,South,SMB
C0076,North,Enterprise
C0077,Midlands,Enterprise
C0078,South,Enterprise
C0079,North,Enterprise
C0080,Midlands,Enterprise
C0081,Wales,Enterprise
C0082,South,Consumer
C0083,Midlands,Consumer
C0084,Wales,Enterprise
C0085,North,Enterprise
C0086,Midlands,SMB
C0087,North,Consumer
C0088,Midlands,SMB
C0089,South,Consumer
C0090,South,Enterprise
C0091,North,Consumer
C0092,Scotland,Consumer
C0093,Wales,Consumer
C0094,South,Enterprise
C0095,Scotland,Enterprise
C0096,South,SMB
C0097,Wales,Enterprise
C0098,Scotland,Consumer
C0099,Wales,Enterprise
C0100,South,Enterprise
C0101,Midlands,SMB
C0102,Midlands,SMB
C0103,Wales,SMB
C0104,North,Consumer
C0105,South,Consumer
C0106,Midlands,Consumer
C0107,Wales,Enterprise
C0108,South,Enterprise
C0109,South,Consumer
C0110,North,Enterprise
C0111,North,Consumer
C0112,North,Consumer
C0113,Midlands,Consumer
C0114,Wales,Consumer
C0115,Midlands,Enterprise
C0116,Scotland,Consumer
C0117,Wales,Consumer
C0118,Wales,Enterprise
C0119,Scotland,Consumer
C0120,Scotland,SMB
C0121,South,Consumer
C0122,North,Enterprise
C0123,Scotland,SMB
C0124,Scotland,SMB
C0125,Scotland,Enterprise
C0126,North,Enterprise
C0127,North,Consumer
C0128,Scotland,Enterprise
C0129,Midlands,Consumer
C0130,South,Consumer
C0131,South,Enterprise
C0132,Scotland,Consumer
C0133,Scotland,Consumer
C0134,Midlands,SMB
C0135,South,Consumer
C0136,Scotland,Enterprise
C0137,North,Consumer
C0138,Wales,Consumer
C0139,North,Consumer
C0140,South,SMB
C0141,Scotland,SMB
C0142,South,SMB
C0143,North,Consumer
C0144,Scotland,Consumer
C0145,Scotland,SMB
C0146,Scotland,SMB
C0147,Scotland,Enterprise
C0148,Wales,Enterprise
C0149,Scotland,Consumer
C0150,South,SMB
C0151,South,Consumer
C0152,Wales,Enterprise
C0153,Wales,Consumer
C0154,Midlands,Consumer
C0155,North,Enterprise
C0156,Scotland,Enterprise
C0157,Wales,Consumer
C0158,North,Enterprise
C0159,North,Consumer
C0160,North,Enterprise
C0161,North,Enterprise
C0162,South,SMB
C0163,North,Enterprise
C0164,South,Enterprise
C0165,Wales,Consumer
C0166,Wales,Consumer
C0167,Scotland,Enterprise
C0168,Wales,Enterprise
C0169,Wales,SMB
C0170,Midlands,Consumer
C0171,Midlands,Consumer
C0172,Midlands,SMB
C0173,South,Enterprise
C0174,Midlands,SMB
C0175,Midlands,Consumer
C0176,North,SMB
C0177,Wales,Enterprise
C0178,North,Consumer
C0179,Wales,Consumer
C0180,Wales,SMB
C0181,South,SMB
C0182,North,Consumer
C0183,Midlands,SMB
C0184,South,SMB
C0185,Wales,Enterprise
C0186,Midlands,Enterprise
C0187,Wales,Consumer
C0188,Wales,SMB
C0189,North,Consumer
C0190,Midlands,Consumer
C0191,North,Enterprise
C0192,Wales,Consumer
C0193,Midlands,SMB
C0194,Wales,Consumer
C0195,Midlands,Consumer
C0196,Midlands,Enterprise
C0197,Scotland,SMB
C0198,North,Consumer
C0199,Scotland,SMB
C0200,North,Consumer
C0201,Midlands,Consumer
C0202,Midlands,Consumer
C0203,Scotland,Enterprise
C0204,Scotland,Enterprise
C0205,North,Consumer
C0206,North,Enterprise
C0207,South,Enterprise
C0208,North,SMB
C0209,Wales,Enterprise
C0210,South,SMB
C0211,South,Consumer
C0212,Midlands,SMB
C0213,North,SMB
C0214,South,Enterprise
C0215,South,Enterprise
C0216,North,SMB
C0217,Wales,SMB
C0218,Wales,Enterprise
C0219,South,Consumer
C0220,South,Consumer
C0221,Scotland,Consumer
C0222,South,Enterprise
C0223,Midlands,SMB
C0224,South,SMB
C0225,South,Enterprise
C0226,North,SMB
C0227,North,SMB
C0228,South,Consumer
C0229,Scotland,SMB
C0230,Midlands,Consumer
C0231,South,Consumer
C0232,South,SMB
C0233,Midlands,SMB
C0234,North,SMB
C0235,Midlands,Enterprise
C0236,Wales,SMB
C0237,Wales,SMB
C0238,North,Consumer
C0239,Midlands,Consumer
C0240,Wales,SMB
C0241,North,Consumer
C0242,Wales,SMB
C0243,Midlands,Enterprise
C0244,Midlands,SMB
C0245,Wales,Enterprise
C0246,North,SMB
C0247,Wales,Consumer
C0248,Midlands,Consumer
C0249,Scotland,Consumer
C0250,Wales,Enterprise
C0251,South,SMB
C0252,Scotland,Consumer
C0253,Midlands,Enterprise
C0254,Midlands,Enterprise
C0255,North,Enterprise
C0256,Midlands,Enterprise
C0257,Midlands,Enterprise
C0258,Scotland,SMB
C0259,Scotland,Enterprise
C0260,Midlands,Enterprise
C0261,South,Consumer
C0262,Scotland,Enterprise
C0263,Scotland,Enterprise
C0264,South,Enterprise
C0265,Wales,SMB
C0266,Scotland,Enterprise
C0267,North,SMB
C0268,Midlands,Consumer
C0269,Scotland,Enterprise
C0270,Wales,Enterprise
C0271,Midlands,SMB
C0272,Scotland,SMB
C0273,South,Enterprise
C0274,Scotland,Enterprise
C0275,South,Enterprise
C0276,North,SMB
C0277,Wales,Enterprise
C0278,Wales,SMB
C0279,North,Consumer
C0280,Midlands,Consumer
C0281,South,Consumer
C0282,North,Consumer
C0283,South,SMB
C0284,Wales,Consumer
C0285,Scotland,SMB
C0286,Wales,Consumer
C0287,Scotland,SMB
C0288,Scotland,Consumer
C0289,South,Enterprise
C0290,North,Consumer
C0291,Scotland,Consumer
C0292,South,Enterprise
C0293,Wales,SMB
C0294,North,Enterprise
C0295,South,Consumer
C0296,Scotland,Consumer
C0297,Scotland,Enterprise
C0298,Wales,Enterprise
C0299,Wales,SMB
C0300,Scotland,Enterprise
C0301,Wales,SMB
C0302,Wales,SMB
C0303,South,Enterprise
C0304,Scotland,SMB
C0305,Midlands,Consumer
C0306,Midlands,Enterprise
C0307,Scotland,Enterprise
C0308,South,SMB
C0309,Scotland,Consumer
C0310,Midlands,Consumer
C0311,Midlands,SMB
C0312,Midlands,Enterprise
C0313,North,Consumer
C0314,South,Consumer
C0315,Scotland,Enterprise
C0316,South,Enterprise
C0317,South,Consumer
C0318,Scotland,SMB
C0319,Midlands,Enterprise
C0320,Scotland,SMB
C0321,North,Consumer
C0322,Scotland,SMB
C0323,Wales,Enterprise
C0324,North,Enterprise
C0325,Scotland,SMB
C0326,North,SMB
C0327,Midlands,SMB
C0328,Scotland,Enterprise
C0329,Wales,Enterprise
C0330,South,SMB
C0331,South,SMB
C0332,Scotland,SMB
C0333,North,SMB
C0334,Midlands,Enterprise
C0335,Scotland,Enterprise
C0336,South,SMB
C0337,South,Enterprise
C0338,Wales,Consumer
C0339,Scotland,Enterprise
C0340,Wales,Enterprise
C0341,North,Consumer
C0342,Scotland,Consumer
C0343,Scotland,Consumer
C0344,North,SMB
C0345,Scotland,SMB
C0346,South,SMB
C0347,Midlands,SMB
C0348,Scotland,SMB
C0349,Scotland,SMB
C0350,North,SMB
C0351,North,Enterprise
C0352,Wales,Consumer
C0353,Midlands,Consumer
C0354,North,Enterprise
C0355,North,Consumer
C0356,South,Consumer
C0357,North,Enterprise
C0358,South,Consumer
C0359,South,SMB
C0360,North,Enterprise
C0361,South,SMB
C0362,Midlands,SMB
C0363,South,Enterprise
C0364,Wales,Enterprise
C0365,North,Consumer
C0366,Midlands,Consumer
C0367,Wales,Consumer
C0368,Midlands,Enterprise
C0369,Scotland,SMB
C0370,South,Consumer
C0371,Wales,Enterprise
C0372,South,Consumer
C0373,Midlands,Enterprise
C0374,Wales,Consumer
C0375,Wales,Consumer
C0376,Midlands,Enterprise
C0377,Scotland,Enterprise
C0378,Midlands,Consumer
C0379,Wales,Enterprise
C0380,Midlands,Consumer
C0381,Scotland,SMB
C0382,North,SMB
C0383,Midlands,Enterprise
C0384,Scotland,Enterprise
C0385,South,SMB
C0386,South,Enterprise
C0387,Wales,Enterprise
C0388,Midlands,Enterprise
C0389,Wales,SMB
C0390,Scotland,SMB
C0391,Wales,SMB
C0392,Midlands,Consumer
C0393,North,SMB
C0394,Scotland,Consumer
C0395,Scotland,Enterprise
C0396,Wales,Enterprise
C0397,Scotland,SMB
C0398,North,SMB
C0399,Midlands,Consumer
C0400,Scotland,Consumer
C0401,Midlands,SMB
C0402,Midlands,SMB
C0403,Wales,Enterprise
C0404,Midlands,Enterprise
C0405,North,Enterprise
C0406,South,Consumer
C0407,South,Enterprise
C0408,Scotland,SMB
C0409,Wales,Consumer
C0410,Scotland,Enterprise
C0411,Scotland,SMB
C0412,North,Consumer
C0413,Midlands,Consumer
C0414,Scotland,Enterprise
C0415,South,SMB
C0416,Wales,SMB
C0417,Scotland,Enterprise
C0418,Wales,SMB
C0419,Scotland,Enterprise
C0420,Wales,SMB
C0421,Midlands,Enterprise
C0422,Scotland,SMB
C0423,Midlands,SMB
C0424,South,Consumer
C0425,South,SMB
C0426,North,Enterprise
C0427,Wales,Enterprise
C0428,South,Consumer
C0429,South,Enterprise
C0430,Scotland,SMB
C0431,Wales,Enterprise
C0432,Wales,SMB
C0433,North,Consumer
C0434,Midlands,Consumer
C0435,Midlands,Consumer
C0436,Midlands,Consumer
C0437,Wales,Consumer
C0438,Midlands,Consumer
C0439,North,Enterprise
C0440,Midlands,Enterprise
C0441,South,Enterprise
C0442,Scotland,Consumer
C0443,North,Enterprise
C0444,Midlands,SMB
C0445,Scotland,SMB
C0446,Midlands,Consumer
C0447,North,SMB
C0448,Scotland,Consumer
C0449,North,SMB
C0450,Scotland,Consumer
C0451,Wales,Enterprise
C0452,North,Consumer
C0453,South,Enterprise
C0454,Midlands,Consumer
C0455,South,Consumer
C0456,Wales,SMB
C0457,Wales,Enterprise
C0458,Wales,Consumer
C0459,Wales,SMB
C0460,Scotland,SMB
C0461,Midlands,Enterprise
C0462,Scotland,SMB
C0463,Wales,Enterprise
C0464,North,Enterprise
C0465,North,Consumer
C0466,South,SMB
C0467,North,Consumer
C0468,South,Consumer
C0469,Wales,Consumer
C0470,South,Consumer
C0471,Scotland,SMB
C0472,Wales,SMB
C0473,Midlands,Consumer
C0474,South,SMB
C0475,Midlands,Enterprise
C0476,Scotland,Consumer
C0477,South,SMB
C0478,Wales,Enterprise
C0479,South,SMB
C0480,North,Enterprise
C0481,South,Enterprise
C0482,South,SMB
C0483,South,Consumer
C0484,North,Consumer
C0485,Midlands,Enterprise
C0486,Wales,SMB
C0487,Scotland,Consumer
C0488,Scotland,Enterprise
C0489,Midlands,Enterprise
C0490,Scotland,SMB
C0491,Wales,Enterprise
C0492,Scotland,SMB
C0493,North,Enterprise
C0494,North,SMB
C0495,Midlands,Enterprise
C0496,Midlands,Consumer
C0497,North,Consumer
C0498,Wales,Enterprise
C0499,North,Enterprise
C0500,Midlands,Enterprise
C0501,North,Consumer
C0502,Scotland,Enterprise
C0503,Scotland,SMB
C0504,South,Enterprise
C0505,Scotland,Enterprise
C0506,Scotland,Consumer
C0507,Scotland,SMB
C0508,Scotland,SMB
C0509,Midlands,Enterprise
C0510,North,Consumer
C0511,Midlands,SMB
C0512,Scotland,SMB
C0513,Scotland,Enterprise
C0514,North,SMB
C0515,North,SMB
C0516,Midlands,SMB
C0517,North,SMB
C0518,Wales,Consumer
C0519,Wales,SMB
C0520,Scotland,Consumer
C0521,South,Enterprise
C0522,Midlands,Enterprise
C0523,Scotland,Enterprise
C0524,Scotland,Consumer
C0525,South,SMB
C0526,Wales,Consumer
C0527,Midlands,SMB
C0528,Scotland,Consumer
C0529,North,Enterprise
C0530,Wales,Consumer
C0531,South,SMB
C0532,Wales,Consumer
C0533,Wales,SMB
C0534,North,Consumer
C0535,North,SMB
C0536,North,Enterprise
C0537,South,SMB
C0538,Midlands,Enterprise
C0539,Midlands,SMB
C0540,Scotland,SMB
C0541,South,SMB
C0542,Wales,Consumer
C0543,Scotland,Consumer
C0544,Wales,Enterprise
C0545,South,Consumer
C0546,Midlands,SMB
C0547,Midlands,Enterprise
C0548,Midlands,Consumer
C0549,Midlands,Enterprise
C0550,Midlands,Enterprise
C0551,Wales,Enterprise
C0552,Scotland,Consumer
C0553,Scotland,Enterprise
C0554,Scotland,SMB
C0555,Midlands,Enterprise
C0556,Wales,SMB
C0557,Scotland,SMB
C0558,South,Enterprise
C0559,South,Enterprise
C0560,Scotland,Consumer
C0561,Scotland,Consumer
C0562,Midlands,Enterprise
C0563,Scotland,Enterprise
C0564,Scotland,SMB
C0565,South,SMB
C0566,North,Consumer
C0567,Wales,Enterprise
C0568,Midlands,Consumer
C0569,Scotland,Consumer
C0570,Wales,SMB
C0571,North,Enterprise
C0572,South,SMB
C0573,South,Consumer
C0574,Scotland,SMB
C0575,Midlands,Enterprise
C0576,Scotland,Enterprise
C0577,North,SMB
C0578,Wales,SMB
C0579,Midlands,Enterprise
C0580,Scotland,Enterprise
C0581,North,Enterprise
C0582,North,Consumer
C0583,Midlands,Consumer
C0584,North,SMB
C0585,North,Enterprise
C0586,North,SMB
C0587,South,Enterprise
C0588,Midlands,Consumer
C0589,North,SMB
C0590,North,SMB
C0591,Midlands,SMB
C0592,Scotland,Consumer
C0593,South,Enterprise
C0594,Scotland,Enterprise
C0595,South,Consumer
C0596,South,Consumer
C0597,Wales,SMB
C0598,Wales,Enterprise
C0599,South,SMB
C0600,Wales,Consumer
