order_date,orders,net_revenue,avg_order_value,returns
2026-01-01,79,24738.58,358.58,5
2026-01-02,80,22334.18,389.37,8
2026-01-03,80,20512.34,327.71,5
2026-01-04,80,18748.33,293.2,5
2026-01-05,80,21363.91,341.42,5
2026-01-06,80,28190.68,374.65,1
2026-01-07,79,23926.24,338.36,4
2026-01-08,80,21190.74,311.79,5
2026-01-09,80,20416.1,325.59,6
2026-01-10,80,23667.19,324.69,2
2026-01-11,80,27083.71,377.13,1
2026-01-12,80,22109.05,343.73,6
2026-01-13,79,21986.54,335.41,4
2026-01-14,80,27273.67,386.66,3
2026-01-15,80,23632.23,346.57,4
2026-01-16,80,20609.15,333.58,6
2026-01-17,80,16593.49,278.88,6
2026-01-18,80,25027.19,367.81,5
2026-01-19,79,24166.84,346.46,4
2026-01-20,80,19434.9,316.41,5
2026-01-21,80,25812.23,421.1,8
2026-01-22,80,20594.76,315.33,6
2026-01-23,80,23061.99,367.29,7
2026-01-24,80,25687.84,377.43,6
2026-01-25,79,25232.65,366.09,4
2026-01-26,80,23215.06,330.6,4
2026-01-27,80,24182.16,342.74,3
2026-01-28,80,21347.99,334.92,6
2026-01-29,80,24774.18,346.55,4
2026-01-30,80,18776.1,316.11,7
2026-01-31,80,25664.01,436.35,9
2026-02-01,79,21127.91,328.34,6
2026-02-02,80,19859.27,325.62,8
2026-02-03,80,17472.27,298.47,8
2026-02-04,80,20916.35,328.48,5
2026-02-05,80,19081.95,295.91,5
2026-02-06,80,19057.05,368.77,10
2026-02-07,79,20330.38,330.38,6
2026-02-08,80,18330.63,296.08,6
2026-02-09,80,20608.69,316.38,8
2026-02-10,80,21165.27,355.21,6
2026-02-11,80,23173.94,348.64,7
2026-02-12,80,19259.23,331.18,9
2026-02-13,79,22706.42,345.21,5
2026-02-14,80,23004.08,351.12,6
2026-02-15,80,25358.09,387.21,6
2026-02-16,80,20479.98,324.09,7
2026-02-17,80,18133.32,292.56,5
2026-02-18,80,21062.17,334.19,4
2026-02-19,79,24892.83,383.44,4
2026-02-20,80,25155.3,371.18,7
2026-02-21,80,15785.14,263.37,4
2026-02-22,80,18542.25,330.88,10
2026-02-23,80,22885.31,331.33,4
2026-02-24,80,25707.67,383.13,6
2026-02-25,80,22770.81,347.58,6
2026-02-26,79,25452.02,363.34,3
2026-02-27,80,24600.82,398.43,7
2026-02-28,80,20446.92,349.63,10
2026-03-01,80,23647.67,353.04,5
2026-03-02,80,20923.44,352.85,6
2026-03-03,80,20407.43,341.49,9
2026-03-04,79,20928.28,297.76,3
2026-03-05,80,23061.92,355.19,5
2026-03-06,80,22105.98,310.85,4
2026-03-07,80,27047.58,409.41,7
2026-03-08,80,17423.46,297.1,8
2026-03-09,80,19426.67,310.58,6
2026-03-10,79,22311.13,329.93,2
2026-03-11,80,22134.67,340.33,6
2026-03-12,80,19746.16,336.92,6
2026-03-13,80,20074.16,346.88,9
2026-03-14,80,25310.78,376.31,5
2026-03-15,80,20147.46,318.91,6
2026-03-16,79,26564.94,385.92,4
2026-03-17,80,21430.27,325.43,5
2026-03-18,80,21116.16,361.08,9
2026-03-19,80,26956.37,429.35,8
2026-03-20,80,19214.13,307.28,5
2026-03-21,80,24641.19,354.66,4
2026-03-22,80,27247.77,398.46,5
2026-03-23,79,24359.94,345.01,3
2026-03-24,80,20761.11,360.2,9
2026-03-25,80,23123.51,361.53,7
2026-03-26,80,25082.95,405.55,6
2026-03-27,80,26519.56,379.4,4
2026-03-28,80,24627.22,371.27,8
2026-03-29,79,25201.88,365.32,3
2026-03-30,80,23786.64,363.86,6
2026-03-31,80,20165.21,317.54,4
2026-04-01,80,20838.65,336.56,5
2026-04-02,80,18803.71,315.68,9
2026-04-03,80,21162.01,343.76,6
2026-04-04,79,23614.76,343.01,3
2026-04-05,80,25344.78,345.94,3
2026-04-06,80,22719.39,358.14,6
2026-04-07,80,22363.96,322.71,6
2026-04-08,80,20545.37,345.4,9
2026-04-09,80,23696.25,402.69,8
2026-04-10,79,22650.86,376.11,10
2026-04-11,80,21134.05,343.79,9
2026-04-12,80,20451.07,316.72,5
2026-04-13,80,23689.72,338.9,5
2026-04-14,80,23316.35,365.5,6
2026-04-15,80,22519.03,359.45,8
2026-04-16,80,21525.62,341.06,7
2026-04-17,79,24207.7,380.05,6
2026-04-18,80,19416.03,334.72,11
2026-04-19,80,26044.87,397.09,6
2026-04-20,80,23975.26,357.59,5
2026-04-21,80,19350.93,311.0,7
2026-04-22,80,23680.2,415.98,10
2026-04-23,79,23902.4,383.12,5
2026-04-24,80,21719.62,347.69,5
2026-04-25,80,21137.53,324.68,6
2026-04-26,80,21951.81,336.63,7
2026-04-27,80,21050.53,303.41,3
2026-04-28,80,27366.57,364.62,1
2026-04-29,79,19751.09,344.56,7
2026-04-30,80,25459.58,364.58,4
2026-05-01,80,24549.56,374.8,6
2026-05-02,80,22407.82,360.52,7
2026-05-03,80,24345.07,373.34,6
2026-05-04,80,22476.67,323.45,3
2026-05-05,79,21087.33,366.25,10
2026-05-06,80,23159.05,336.17,5
2026-05-07,80,22796.65,330.28,3
2026-05-08,80,21574.06,368.83,7
2026-05-09,80,19813.75,335.2,9
2026-05-10,80,20699.45,329.36,6
2026-05-11,79,16119.44,314.24,9
2026-05-12,80,18992.5,312.68,8
2026-05-13,80,20655.91,317.59,7
2026-05-14,80,19590.83,357.07,8
2026-05-15,80,21125.48,335.56,8
2026-05-16,80,21129.59,333.9,6
2026-05-17,80,23240.7,363.47,7
2026-05-18,79,21570.76,372.46,8
2026-05-19,80,18380.94,327.72,8
2026-05-20,80,20852.73,405.51,11
2026-05-21,80,18635.53,296.07,5
2026-05-22,80,25176.33,410.58,8
2026-05-23,80,25197.56,412.37,8
2026-05-24,79,21519.25,372.02,9
2026-05-25,80,23272.66,354.06,6
2026-05-26,80,20800.1,323.24,6
2026-05-27,80,20390.04,344.09,7
2026-05-28,80,23988.83,403.65,7
2026-05-29,80,17505.1,303.75,9
2026-05-30,79,19809.52,356.92,8
